product_name,total_profit
"SAFCO Commercial Wire Shelving, Black",-635.444
Premier Automatic Letter Opener,-427.86
Serrated Blade or Curved Handle Hand Letter Openers,-4.113
"Eldon Base for stackable storage shelf, platinum",-52.569
Fellowes Officeware Wire Shelving,-332.372
Rogers Deluxe File Chest,-34.728
"Brites Rubber Bands, 1 1/2 oz. Box",-0.515
"Tennsco Lockers, Gray",-26.435
Belkin F9S820V06 8 Outlet Surge,-120.176
Tennsco Regal Shelving Units,-6.085
3M Replacement Filter for Office Air Cleaner for 20' x 33' Room,-20.476
Martin-Yale Premier Letter Opener,-12.88
Fellowes Neat Ideas Storage Cubes,-18.19
Fellowes Command Center 5-outlet power strip,-78.016
Sensible Storage WireTech Storage Systems,-78.078
Tennsco Commercial Shelving,-48.613
Carina Double Wide Media Storage Towers in Natural & Black,-3.239
Safco Commercial Shelving,-7.442
Akro Stacking Bins,-6.943
SAFCO Boltless Steel Shelving,-470.47
"Rogers Jumbo File, Granite",-4.891
High Speed Automatic Electric Letter Opener,-262.004
Revere Boxed Rubber Bands by Revere,-5.708
"Gould Plastics 9-Pocket Panel Bin, 18-3/8w x 5-1/4d x 20-1/2h, Black",-63.589
Eldon Shelf Savers Cubes and Bins,-7.679
Space Solutions Commercial Steel Shelving,-74.346
Hoover Commercial Soft Guard Upright Vacuum And Disposable Filtration Bags,-10.412
Compact Automatic Electric Letter Opener,-57.269
Sterilite Show Offs Storage Containers,-6.336
Acme Rosewood Handle Letter Opener,-3.494
Carina Media Storage Towers in Natural & Black,-121.96
"Carina Mini System Audio Rack, Model AR050B",-68.807
Safco Industrial Wire Shelving,-126.707
Fellowes Bankers Box Recycled Super Stor/Drawer,-30.231
Acco Smartsocket Color-Coded Six-Outlet AC Adapter Model Surge Protectors,-7.041
3.6 Cubic Foot Counter Height Office Refrigerator,-872.075
"Super Bands, 12/Pack",-2.604
Tennsco Industrial Shelving,-108.58
Kensington 6 Outlet SmartSocket Surge Protector,-36.882
Acme Serrated Blade Letter Opener,-1.749
Plymouth Boxed Rubber Bands by Plymouth,-3.297
Tennsco Single-Tier Lockers,-825.748
Fellowes Bankers Box Stor/Drawer Steel Plus,-12.792
Space Solutions Industrial Galvanized Steel Shelving.,-20.488
"SAFCO Commercial Wire Shelving, 72h",-24.496
"Gould Plastics 18-Pocket Panel Bin, 34w x 5-1/4d x 20-1/2h",-172.942
Safco Industrial Wire Shelving System,-218.352
Fellowes Econo/Stor Drawers,-56.219
Office Impressions Heavy Duty Welded Shelving & Multimedia Storage Drawers,-167.27
"Iris 3-Drawer Stacking Bin, Black",-43.452
Safco Industrial Shelving,-104.128
"Carina 42""Hx23 3/4""""W Media Storage Unit""",-110.131
Stiletto Hand Letter Openers,-21.984
Rubber Band Ball,-0.299
"Contico 72""H Heavy-Duty Storage System""",-57.372
Eldon Gobal File Keepers,-0.606
Acco 6 Outlet Guardian Premium Plus Surge Suppressor,-113.768
"Alliance Super-Size Bands, Assorted Sizes",-10.348
Sterling Rubber Bands by Alliance,-3.768
Acco 6 Outlet Guardian Basic Surge Suppressor,-3.661
"Premier Elliptical Ring Binder, Black",-201.515
"Avery Framed View Binder, EZD Ring (Locking), Navy, 1 1/2""""",-0.699
GBC ProClick Spines for 32-Hole Punch,-13.283
Avery Reinforcements for Hole-Punch Pages,-16.137
Pressboard Hanging Data Binders for Unburst Sheets,-10.135
Hoover Commercial Lightweight Upright Vacuum with E-Z Empty Dirt Cup,-9.302
GBC Standard Plastic Binding Systems Combs,-2.921
"Avery Triangle Shaped Sheet Lifters, Black, 2/Pack",-4.92
GBC ProClick 150 Presentation Binding System,-461.331
"Fellowes Twister Kit, Gray/Clear, 3/pkg",-3.216
Avery Recycled Flexi-View Covers for Binding Systems,-69.57
Avery Durable Poly Binders,-15.595
Ibico Hi-Tech Manual Binding System,-304.991
Large Capacity Hanging Post Binders,-19.461
XtraLife ClearVue Slant-D Ring Binders by Cardinal,-13.328
Insertable Tab Indexes For Data Binders,-4.834
Martin Yale Chadless Opener Electric Letter Opener,-1299.185
"Acco PRESSTEX Data Binder with Storage Hooks, Dark Blue, 9 1/2"" X 11""""""",-0.16
GBC Instant Index System for Binding Systems,-12.432
Tripp Lite Isotel 8 Ultra 8 Outlet Metal Surge,-17.033
"GBC Standard Recycled Report Covers, Clear Plastic Sheets",-27.165
GBC VeloBinder Strips,-23.808
Fellowes Black Plastic Comb Bindings,-4.416
UniKeep View Case Binders,-5.478
Catalog Binders with Expanding Posts,-242.208
Storex Flexible Poly Binders with Double Pockets,-2.006
Insertable Tab Post Binder Dividers,-39.699
"Wilson Jones 1"" Hanging DublLock Ring Binders""",-8.553
GBC DocuBind P400 Electric Binding System,-1878.165
"Kleencut Box Cutter, High Speed",-283.096
"Sanford Canvas, Water Color",-497.59
"SanDisk Cards & Envelopes, Recycled",-257.625
"Boston Pens, Blue",-61.805
"Accos Clamps, 12 Pack",-137.787
"Binney & Smith Pens, Easy-Erase",-110.064
"Accos Paper Clips, Assorted Sizes",-19.989
"Tenex Folders, Industrial",-57.66
"BIC Canvas, Blue",-237.183
"Stockwell Push Pins, Metal",-18.766
"Fiskars Box Cutter, High Speed",-108.035
"Acme Shears, Easy Grip",-247.695
"Wilson Jones Binder, Durable",-7.6
"OIC Thumb Tacks, 12 Pack",-44.46
"GlobeWeis Manila Envelope, Security-Tint",-155.964
"Eldon Folders, Industrial",-76.559
"Fellowes File Cart, Industrial",-520.33
"Fiskars Letter Opener, Steel",-32.45
"BIC Markers, Fluorescent",-253.421
"Eldon Shelving, Single Width",-834.305
"Accos Push Pins, Assorted Sizes",-45.128
"Avery Binding Machine, Clear",-179.016
"Acco Binder, Recycled",-5.284
"Fiskars Trimmer, Serrated",-72.8
"Ames Business Envelopes, Set of 50",-54.204
"Advantus Staples, 12 Pack",-27.512
"Ames Peel and Seal, Set of 50",-129.62
"Smead File Cart, Single Width",-237.669
"Jiffy Manila Envelope, Recycled",-255.635
"Kraft Manila Envelope, Set of 50",-93.218
"Sanford Sketch Pad, Blue",-230.933
"Cameo Mailers, with clear poly window",-48.878
"Hon Removable Labels, Adjustable",-62.394
"Hoover Stove, White",-2180.625
"Boston Markers, Water Color",-256.355
"Kraft Manila Envelope, Security-Tint",-137.983
"Binney & Smith Highlighters, Blue",-59.104
"Acme Ruler, High Speed",-95.057
"Kleencut Shears, Serrated",-167.519
"Rogers Box, Single Width",-19.04
"Xerox Memo Slips, 8.5 x 11",-49.983
"Elite Shears, High Speed",-3.053
"Smead Folders, Blue",-8.343
"Tenex Shelving, Blue",-725.504
"Cardinal Binder Covers, Economy",-90.4
"Elite Ruler, High Speed",-12.946
"Fellowes File Cart, Single Width",-1024.206
"Kleencut Box Cutter, Easy Grip",-20.204
"Rogers Box, Blue",-20.448
"Eldon Shelving, Wire Frame",-55.245
"Rogers Folders, Industrial",-41.414
"Fellowes Box, Single Width",-242.798
"SanDisk Note Cards, 8.5 x 11",-30.072
"Smead Legal Exhibit Labels, 5000 Label Set",-86.553
"Xerox Note Cards, 8.5 x 11",-407.546
"Jiffy Mailers, Recycled",-165.174
"Rogers Shelving, Single Width",-377.967
"Stiletto Shears, Steel",-76.371
"Elite Ruler, Easy Grip",-31.559
"Wilson Jones Binding Machine, Durable",-256.097
"Cameo Interoffice Envelope, with clear poly window",-105.801
"Cameo Clasp Envelope, Recycled",-1.667
"Acme Trimmer, Serrated",-19.064
"Wilson Jones Index Tab, Durable",-72.807
"Stockwell Clamps, Metal",-129.89
"Acme Box Cutter, Serrated",-81.86
"Rogers File Cart, Industrial",-15.004
"Fiskars Trimmer, Steel",-50.456
"Hon Color Coded Labels, Adjustable",-0.615
"Fellowes Box, Industrial",-287.524
"Rogers Trays, Single Width",-571.647
"Breville Microwave, Red",-142.505
"Jiffy Clasp Envelope, Security-Tint",-17.788
"Smead Folders, Wire Frame",-2.357
"Binney & Smith Sketch Pad, Fluorescent",-572.667
"Smead Legal Exhibit Labels, Laser Printer Compatible",-68.773
"Hoover Blender, White",-128.48
"Xerox Memo Slips, Multicolor",-8.599
"Kraft Clasp Envelope, Set of 50",-5.58
"Eldon Lockers, Blue",-2181.096
"OIC Rubber Bands, Bulk Pack",-46.907
"BIC Canvas, Water Color",-217.697
"Avery Binder, Durable",-89.074
"Sanford Highlighters, Easy-Erase",-50.26
"Avery Round Labels, Adjustable",-11.265
"Boston Markers, Easy-Erase",-52.684
"Rogers Box, Industrial",-223.898
"Kleencut Scissors, Easy Grip",-4.058
"Enermax Cards & Envelopes, Recycled",-82.8
"Breville Stove, White",-270.63
"Accos Thumb Tacks, Assorted Sizes",-22.028
"Green Bar Parchment Paper, Premium",-43.351
"Tenex Lockers, Single Width",-88.579
"Enermax Parchment Paper, Recycled",-70.083
"Fellowes Trays, Blue",-575.07
"SanDisk Computer Printout Paper, 8.5 x 11",-68.688
"Avery File Folder Labels, 5000 Label Set",-6.771
"Avery Round Labels, 5000 Label Set",-6.289
"Smead File Folder Labels, Laser Printer Compatible",-25.125
"Acco Hole Reinforcements, Clear",-11.754
"Eldon Shelving, Industrial",-217.6
"Ames Clasp Envelope, with clear poly window",-59.049
"Stiletto Letter Opener, High Speed",-82.861
"Hamilton Beach Microwave, White",-692.658
"Acme Shears, Serrated",-78.694
"Advantus Thumb Tacks, 12 Pack",-50.908
"Stockwell Staples, 12 Pack",-18.075
"Hamilton Beach Stove, Black",-397.853
"Wilson Jones Binder, Clear",-131.831
"Cameo Peel and Seal, Recycled",-4.47
"Cuisinart Microwave, Black",-551.626
"Novimex File Folder Labels, Laser Printer Compatible",-7.205
"Novimex Legal Exhibit Labels, Adjustable",-31.485
"Advantus Clamps, Assorted Sizes",-114.202
"Hon File Folder Labels, Laser Printer Compatible",-26.897
"Accos Staples, Metal",-28.505
"SanDisk Memo Slips, Multicolor",-8.72
"Accos Paper Clips, Metal",-31.139
"Tenex Shelving, Wire Frame",-501.662
"Elite Shears, Easy Grip",-185.751
"Acme Ruler, Easy Grip",-26.14
"Breville Toaster, Silver",-113.792
"Smead File Cart, Blue",-1380.997
"Rogers Folders, Blue",-132.755
"Breville Coffee Grinder, White",-30.2
"KitchenAid Coffee Grinder, Silver",-25.016
"GlobeWeis Business Envelopes, Set of 50",-52.66
"Hamilton Beach Refrigerator, Black",-548.101
"Breville Blender, Black",-18.414
"Stiletto Ruler, Serrated",-0.137
"Harbour Creations File Folder Labels, Adjustable",-15.966
"Hoover Stove, Silver",-2093.086
"Hoover Coffee Grinder, White",-22.392
"Breville Microwave, Silver",-1577.421
"Cuisinart Blender, Black",-104.321
"OIC Paper Clips, Metal",-12.932
"OIC Clamps, Assorted Sizes",-2.448
"Jiffy Interoffice Envelope, Set of 50",-32.466
"Elite Shears, Serrated",-13.192
"Smead Round Labels, 5000 Label Set",-23.855
"Eaton Memo Slips, Multicolor",-24.078
"Xerox Message Books, Multicolor",-115.678
"OIC Rubber Bands, 12 Pack",-30.31
"Hamilton Beach Blender, Silver",-59.29
"KitchenAid Refrigerator, Red",-1087.901
"Smead Lockers, Wire Frame",-304.686
"Rogers Lockers, Blue",-2908.281
"Rogers Lockers, Wire Frame",-901.574
"Boston Sketch Pad, Water Color",-826.53
"Kleencut Shears, High Speed",-110.348
"Hamilton Beach Blender, White",-6.848
"Belkin Memory Card, USB",-1264.932
"Belkin Numeric Keypad, Erganomic",-185.248
"Logitech Mouse, Erganomic",-156.699
"Memorex Mouse, Bluetooth",-66.285
"Memorex Mouse, Erganomic",-62.416
"Logitech Memory Card, Erganomic",-717.613
"Enermax Numeric Keypad, USB",-266.005
"Memorex Mouse, USB",-84.894
"Belkin Keyboard, Bluetooth",-704.398
"Logitech Router, Bluetooth",-1415.641
"Belkin Flash Drive, Erganomic",-30.789
"SanDisk Mouse, Programmable",-27.746
"Memorex Mouse, Programmable",-70.397
"SanDisk Mouse, USB",-80.923
"Memorex Numeric Keypad, USB",-243.083
"Logitech Memory Card, Bluetooth",-240.66
"Belkin Numeric Keypad, USB",-454.844
"Cisco Signal Booster, Cordless",-449.236
"Motorola Speaker Phone, VoIP",-642.835
"Samsung Audio Dock, with Caller ID",-2142.205
"Apple Signal Booster, with Caller ID",-425.019
"Samsung Headset, with Caller ID",-175.172
"Motorola Smart Phone, Cordless",-4447.038
"Apple Signal Booster, Full Size",-1024.152
"Motorola Office Telephone, Cordless",-360.306
"Apple Speaker Phone, Cordless",-406.102
"Nokia Office Telephone, with Caller ID",-186.305
"Nokia Speaker Phone, VoIP",-342.448
"Motorola Signal Booster, VoIP",-340.51
"Samsung Smart Phone, Cordless",-198.09
"Cisco Office Telephone, with Caller ID",-46.443
"Cisco Audio Dock, Cordless",-217.472
"Motorola Office Telephone, with Caller ID",-210.701
"Samsung Signal Booster, with Caller ID",-349.863
"HP Wireless Fax, Laser",-465.141
"Canon Copy Machine, Digital",-861.795
"Sharp Fax Machine, Color",-133.666
"Brother Wireless Fax, Color",-585.323
"Sharp Fax Machine, Digital",-1455.746
"Canon Personal Copier, High-Speed",-298.048
"Hewlett Copy Machine, Laser",-578.83
"Brother Ink, Laser",-428.712
"HP Ink, Laser",-78.629
"HP Fax Machine, Digital",-600.848
"Sharp Personal Copier, Color",-134.771
"HP Fax Machine, Color",-123.853
"Okidata Printer, Durable",-626.066
"StarTech Inkjet, Wireless",-75.406
"Okidata Calculator, White",-150.705
"StarTech Printer, Durable",-479.552
"Okidata Printer, Wireless",-186.425
"Epson Card Printer, White",-152.039
"Okidata Receipt Printer, Durable",-230.136
"Okidata Receipt Printer, Red",-179.277
"Okidata Phone, Durable",-59.712
"Panasonic Printer, Red",-57.272
"Panasonic Phone, Wireless",-366.448
"Epson Inkjet, Wireless",-226.533
"StarTech Calculator, White",-240.564
"Epson Printer, White",-1129.471
"StarTech Receipt Printer, Red",-361.859
"Konica Card Printer, Durable",-612.732
"StarTech Phone, Durable",-495.858
"Panasonic Calculator, Wireless",-60.942
"Okidata Printer, White",-932.689
"Epson Card Printer, Wireless",-664.964
"Okidata Inkjet, Durable",-290.843
"StarTech Calculator, Wireless",-115.098
"Epson Calculator, Red",-5.684
"Panasonic Card Printer, White",-955.282
"Panasonic Card Printer, Red",-127.82
"Okidata Printer, Red",-821.206
"Panasonic Inkjet, White",-12.63
"Okidata Card Printer, Wireless",-748.648
"Epson Calculator, White",-63.822
"Okidata Card Printer, Durable",-423.207
"StarTech Card Printer, Wireless",-128.13
"Panasonic Phone, White",-71.191
"Barricks Computer Table, Fully Assembled",-1586.272
"Hon Computer Table, Adjustable Height",-911.174
"Bevis Training Table, Fully Assembled",-998.51
"Hon Coffee Table, Fully Assembled",-409.518
"Barricks Training Table, with Bottom Storage",-670.717
"Lesro Training Table, Fully Assembled",-842.55
"Lesro Wood Table, with Bottom Storage",-878.768
"Barricks Conference Table, Rectangular",-2487.968
"Bevis Wood Table, Rectangular",-233.835
"Chromcraft Conference Table, Rectangular",-910.944
"Hon Coffee Table, with Bottom Storage",-784.835
"Hon Conference Table, Adjustable Height",-1570.566
"Barricks Coffee Table, Rectangular",-1426.875
"Chromcraft Wood Table, with Bottom Storage",-310.648
"Lesro Training Table, with Bottom Storage",-7.216
"Chromcraft Conference Table, with Bottom Storage",-1850.331
"Bevis Computer Table, Fully Assembled",-3509.564
"Barricks Coffee Table, Fully Assembled",-885.076
"Bevis Computer Table, Adjustable Height",-105.068
"Bevis Coffee Table, Rectangular",-68.45
"Lesro Wood Table, Rectangular",-745.55
"Lesro Computer Table, Fully Assembled",-2322.838
"Hon Training Table, Rectangular",-94.718
"Lesro Training Table, Adjustable Height",-1443.979
"Hon Round Table, with Bottom Storage",-1324.65
"Hon Conference Table, Rectangular",-1920.851
"Bevis Conference Table, Fully Assembled",-2443.089
"Barricks Round Table, with Bottom Storage",-1715.333
"Barricks Conference Table, Adjustable Height",-1924.852
"Hon Wood Table, with Bottom Storage",-304.876
"Ikea Corner Shelving, Metal",-523.744
"Bush Library with Doors, Traditional",-205.99
"Safco Stackable Bookrack, Traditional",-397.178
"Dania 3-Shelf Cabinet, Mobile",-100.266
"Dania Floating Shelf Set, Pine",-302.06
"Ikea Classic Bookcase, Pine",-1000.254
"Bush 3-Shelf Cabinet, Mobile",-113.037
"Safco 3-Shelf Cabinet, Pine",-2.551
"Safco Stackable Bookrack, Mobile",-217.158
"Ikea Floating Shelf Set, Traditional",-1043.226
"Ikea 3-Shelf Cabinet, Pine",-519.472
"Safco Classic Bookcase, Pine",-1291.07
"Sauder Library with Doors, Traditional",-519.847
"Ikea 3-Shelf Cabinet, Metal",-394.721
"Ikea Library with Doors, Pine",-277.951
"Dania Floating Shelf Set, Traditional",-765.909
"Sauder Stackable Bookrack, Traditional",-131.108
"Safco Library with Doors, Metal",-658.237
"Safco Library with Doors, Traditional",-1972.904
"SAFCO Executive Leather Armchair, Adjustable",-862.181
"SAFCO Executive Leather Armchair, Red",-1833.173
"Novimex Rocking Chair, Black",-339.7
"Novimex Rocking Chair, Red",-93.007
"Hon Bag Chairs, Black",-258.36
"Hon Bag Chairs, Adjustable",-97.158
"Office Star Steel Folding Chair, Black",-566.438
"Novimex Steel Folding Chair, Set of Two",-397.51
"Office Star Swivel Stool, Adjustable",-1673.237
"Hon Chairmat, Black",-1.194
"SAFCO Chairmat, Adjustable",-301.823
"SAFCO Chairmat, Black",-192.65
"SAFCO Bag Chairs, Black",-58.575
"SAFCO Bag Chairs, Red",-149.99
"Novimex Steel Folding Chair, Adjustable",-27.9
"Office Star Steel Folding Chair, Red",-900.689
"Hon Steel Folding Chair, Black",-326.647
"Hon Executive Leather Armchair, Red",-392.929
"Harbour Creations Swivel Stool, Adjustable",-75.754
"Harbour Creations Rocking Chair, Red",-13.529
"Office Star Rocking Chair, Adjustable",-949.152
"Office Star Swivel Stool, Set of Two",-613.728
"Office Star Bag Chairs, Set of Two",-291.581
"Novimex Bag Chairs, Red",-40.42
"Harbour Creations Rocking Chair, Set of Two",-1477.995
"Hon Rocking Chair, Set of Two",-57.473
"Harbour Creations Steel Folding Chair, Red",-79.293
"Harbour Creations Chairmat, Set of Two",-227.735
"Tenex Light Bulb, Durable",-61.921
"Tenex Frame, Duo Pack",-60.752
"Tenex Light Bulb, Erganomic",-65.04
"Eldon Light Bulb, Erganomic",-21.742
"Advantus Light Bulb, Duo Pack",-17.965
"Eldon Frame, Black",-120.513
"Deflect-O Stacking Tray, Erganomic",-91.339
"Eldon Photo Frame, Duo Pack",-273.089
"Tenex Door Stop, Black",-220.11
"Deflect-O Frame, Duo Pack",-527.328
"Deflect-O Frame, Erganomic",-341.346
"Advantus Frame, Black",-308.758
"Rubbermaid Clock, Duo Pack",-39.672
"Deflect-O Clock, Black",-804.528
"Advantus Frame, Durable",-205.763
"Deflect-O Stacking Tray, Durable",-122.3
"Deflect-O Light Bulb, Duo Pack",-51.073
"Advantus Photo Frame, Black",-194.905
"Tenex Photo Frame, Erganomic",-71.724
"Deflect-O Door Stop, Black",-561.593
"Tenex Door Stop, Durable",-521.915
"Eldon Photo Frame, Erganomic",-75.754
"Advantus Light Bulb, Erganomic",-66.543
"Canon Fax Machine, Color",-1629.575
"Sharp Fax and Copier, High-Speed",-24.34
"Epson Calculator, Durable",-66.842
"Okidata Inkjet, White",-144.121
"Lesro Conference Table, Fully Assembled",-518.478
"Barricks Training Table, Rectangular",-632.072
"Lesro Coffee Table, Rectangular",-793.677
"Bush Library with Doors, Pine",-1949.628
"Chromcraft Round Table, Adjustable Height",-1214.051
"Eldon Frame, Erganomic",-310.786
"Hon Conference Table, Fully Assembled",-83.07
"Bevis Wood Table, with Bottom Storage",-2782.588
"Chromcraft Round Table, Rectangular",-641.31
"Lesro Round Table, with Bottom Storage",-33.279
"Chromcraft Training Table, with Bottom Storage",-536.842
"Barricks Training Table, Fully Assembled",-681.227
"Chromcraft Coffee Table, with Bottom Storage",-312.559
"Barricks Wood Table, Adjustable Height",-258.138
"Bevis Coffee Table, Adjustable Height",-426.424
"Chromcraft Coffee Table, Rectangular",-238.323
"Bevis Wood Table, Fully Assembled",-171.331
"Chromcraft Wood Table, Rectangular",-665.754
"Panasonic Calculator, Durable",-163.026
O'Sullivan Living Dimensions 3-Shelf Bookcases,-170.833
"Lesro Round Back Collection Coffee Table, End Table",-328.592
Bretford CR4500 Series Slim Rectangular Table,-532.762
Bretford Rectangular Conference Table Tops,-327.231
36X48 HARDFLOOR CHAIRMAT,-40.492
Bretford “Just In Time” Height-Adjustable Multi-Task Work Tables,-964.194
O'Sullivan Living Dimensions 2-Shelf Bookcases,-78.637
"Global High-Back Leather Tilter, Burgundy",-474.739
i.Sound Portable Power - 8000 mAh,-58.818
Office Star Flex Back Scooter Chair with White Frame,-228.62
Plantronics MX500i Earset,-6.441
"Riverside Palais Royal Lawyers Bookcase, Royale Cherry Finish",-669.545
Bestar Classic Bookcase,-612.939
"Bush Westfield Collection Bookcases, Medium Cherry Finish",-20.293
Hon Comfortask Task/Swivel Chairs,-36.473
"Global Armless Task Chair, Royal Blue",-20.733
"Sauder Camden County Collection Libraries, Planked Cherry Finish",-78.186
"Bush Westfield Collection Bookcases, Dark Cherry Finish",-97.406
O'Sullivan 5-Shelf Heavy-Duty Bookcases,-12.291
Novimex Turbo Task Chair,-32.65
V7 USB Numeric Keypad,-58.783
"Office Star - Contemporary Task Swivel chair with Loop Arms, Charcoal",-491.175
Global Low Back Tilter Chair,-246.39
Eldon ClusterMat Chair Mat with Cordless Antistatic Protection,-256.564
"Executive Impressions 16-1/2"" Circular Wall Clock""",-1.069
"Safco Value Mate Series Steel Bookcases, Baked Enamel Finish on Steel, Gray",-9.937
Hon 94000 Series Round Tables,-681.213
"Global Geo Office Task Chair, Gray",-166.009
KI Adjustable-Height Table,-248.482
Jawbone MINI JAMBOX Wireless Bluetooth Speaker,-339.711
Global Super Steno Chair,-0.001
Office Star - Mesh Screen back chair with Vinyl seat,-130.981
"Deflect-o EconoMat Studded, No Bevel Mat for Low Pile Carpeting",-125.2
O'Sullivan Cherrywood Estates Traditional Barrister Bookcase,-78.364
Case Logic 2.4GHz Wireless Keyboard,-11.998
"Lesro Sheffield Collection Coffee Table, End Table, Center Table, Corner Table",-12.132
Mediabridge Sport Armband iPhone 5s,-38.96
Chromcraft Round Conference Tables,-189.973
Cyber Acoustics AC-202b Speech Recognition Stereo Headset,-20.524
"Eldon Expressions Desk Accessory, Wood Photo Frame, Mahogany",-7.615
"Sauder Facets Collection Library, Sky Alder Finish",-8.549
Samsung Convoy 3,-31.078
Balt Solid Wood Round Tables,-1201.058
Hon 5100 Series Wood Tables,-238.604
Anker Astro 15000mAh USB Portable Charger,-23.995
Motorola HK250 Universal Bluetooth Headset,-91.5
"Global Leather & Oak Executive Chair, Burgundy",-114.677
"Hon Metal Bookcases, Black",-26.972
ARKON Windshield Dashboard Air Vent Car Mount Holder,-15.594
Novimex Fabric Task Chair,-131.107
"Memorex 25GB 6X Branded Blu-Ray Recordable Disc, 30/Pack",-32.269
Bevis Boat-Shaped Conference Table,-445.588
"Office Impressions End Table, 20-1/2""H x 24""""W x 20""""D""",-66.827
Shocksock Galaxy S4 Armband,-10.074
O'Sullivan 2-Shelf Heavy-Duty Bookcases,-133.109
High-Back Leather Manager's Chair,-197.587
"Tenex Carpeted, Granite-Look or Clear Contemporary Contour Shape Chair Mats",-222.737
Rush Hierlooms Collection Rich Wood Bookcases,-70.832
Office Star - Ergonomically Designed Knee Chair,-42.11
Novimex Swivel Fabric Task Chair,-445.39
Chromcraft Bull-Nose Wood Oval Conference Tables & Bases,-2876.115
Balt Solid Wood Rectangular Table,-216.255
O'Sullivan 4-Shelf Bookcase in Odessa Pine,-975.099
Bevis 44 x 96 Conference Tables,-164.72
Kingston Digital DataTraveler 8GB USB 2.0,-2.023
Hon 4-Shelf Metal Bookcases,-191.862
"Iceberg OfficeWorks 42"" Round Tables""",-392.548
"Stacking Tray, Side-Loading, Legal, Smoke",-2.866
"Global Wood Trimmed Manager's Task Chair, Khaki",-503.121
Tenex Chairmats For Use with Hard Floors,-129.92
Eldon Cleatmat Plus Chair Mats for High Pile Carpets,-111.327
"Tenex ""The Solids"""" Textured Chair Mats""",-40.576
Novimex High-Tech Fabric Mesh Task Chair,-133.442
"Bevis Round Conference Table Top, X-Base",-519.94
Anker Astro Mini 3000mAh Ultra-Compact Portable Charger,-31.984
Bush Somerset Collection Bookcase,-56.321
SanDisk Ultra 16 GB MicroSDHC Class 10 Memory Card,-48.583
Macally Suction Cup Mount,-31.07
Hon 2111 Invitation Series Corner Table,-401.99
Hon 2111 Invitation Series Straight Table,-115.308
"Chromcraft 48"" x 96"""" Racetrack Double Pedestal Table""",-404.006
Tenex Antistatic Computer Chair Mats,-530.038
Sauder Cornerstone Collection Library,-81.168
Hon Rectangular Conference Tables,-295.816
"Chromcraft Bull-Nose Wood 48"" x 96"""" Rectangular Conference Tables""",-611.588
"Tenex Chairmat w/ Average Lip, 45"" x 53""""""",-529.76
BPI Conference Tables,-795.973
"Bevis Round Bullnose 29"" High Table Top""",-192.186
"Bevis Oval Conference Table, Walnut",-856.015
Hon Racetrack Conference Tables,-598.524
Bush Advantage Collection Racetrack Conference Table,-1934.398
"Sauder Forest Hills Library, Woodland Oak Finish",-70.49
Eldon 100 Class Desk Accessories,-4.853
Eldon Advantage Foldable Chair Mats for Low Pile Carpets,-48.78
"Riverside Furniture Oval Coffee Table, Oval End Table, End Table with Drawer",-1147.4
KI Conference Tables,-479.216
iOttie HLCRIO102 Car Mount,-11.995
Panasonic KX MC6040 Color Laser Multifunction Printer,-22.497
Telescoping Adjustable Floor Lamp,-5.997
"Deflect-o RollaMat Studded, Beveled Mat for Medium Pile Carpeting",-343.095
OtterBox Commuter Series Case - Samsung Galaxy S4,-55.977
Gear Head AU3700S Headset,-11.951
Dexim XPower Skin Super-Thin Power Case for iPhone 5 - Black,-14.622
Dana Swing-Arm Lamps,-11.214
Eldon Cleatmat Chair Mats for Medium Pile Carpets,-42.18
"Tenex Traditional Chairmats for Hard Floors, Average Lip, 36"" x 48""""""",-46.404
"Bevis Training Table, Adjustable Height",-316.162
"Barricks Round Table, Rectangular",-623.94
"Bevis Round Table, Adjustable Height",-3649.894
"Lesro Coffee Table, Fully Assembled",-474.162
"Barricks Computer Table, Adjustable Height",-876.572
"Lesro Round Table, Adjustable Height",-2402.976
"Barricks Coffee Table, Adjustable Height",-978.699
"Lesro Round Table, Fully Assembled",-154.309
"Chromcraft Coffee Table, Fully Assembled",-1960.696
"Bevis Round Table, with Bottom Storage",-404.256
"Bevis Coffee Table, with Bottom Storage",-394.572
"Barricks Round Table, Adjustable Height",-1880.675
"Lesro Wood Table, Adjustable Height",-711.044
"Barricks Conference Table, with Bottom Storage",-1838.37
"Lesro Wood Table, Fully Assembled",-1296.145
"Lesro Training Table, Rectangular",-2581.284
"Hon Conference Table, with Bottom Storage",-820.148
"Chromcraft Round Table, Fully Assembled",-1823.079
"Chromcraft Wood Table, Adjustable Height",-58.278
"Chromcraft Training Table, Rectangular",-1108.209
"Bevis Computer Table, with Bottom Storage",-159.066
"Chromcraft Training Table, Fully Assembled",-70.454
"Bevis Coffee Table, Fully Assembled",-213.213
"Bevis Training Table, with Bottom Storage",-482.46
"Hon Round Table, Fully Assembled",-414.032
"Chromcraft Training Table, Adjustable Height",-87.736
"Hon Round Table, Rectangular",-303.11
Avery Self-Adhesive Photo Pockets for Polaroid Photos,-2.177
Acco Suede Grain Vinyl Round Ring Binder,-4.893
Round Ring Binders,-0.915
Avery Hidden Tab Dividers for Binding Systems,-7.034
Accohide Poly Flexible Ring Binders,-19.822
GBC Plasticlear Binding Covers,-68.422
Bevis Round Conference Room Tables and Bases,-39.444
Riverside Furniture Stanwyck Manor Table Series,-415.933
Global Deluxe Steno Chair,-216.315
Epson TM-T88V Direct Thermal Printer - Monochrome - Desktop,-1057.231
Lexmark MX611dhe Monochrome Laser Printer,-4589.973
Xerox WorkCentre 6505DN Laser Multifunction Printer,-251.996
O'Sullivan Living Dimensions 5-Shelf Bookcases,-755.751
StarTech.com 10/100 VDSL2 Ethernet Extender Kit,-785.762
"Bush Heritage Pine Collection 5-Shelf Bookcase, Albany Pine Finish, *Special Order",-208.65
O'Sullivan Manor Hill 2-Door Library in Brianna Oak,-285.948
"Office Star - Contemporary Task Swivel chair with 2-way adjustable arms, Plum",-158.486
Global Enterprise Series Seating High-Back Swivel/Tilt Chairs,-460.666
Eldon Executive Woodline II Cherry Finish Desk Accessories,-78.509
O'Sullivan Plantations 2-Door Library in Landvery Oak,-767.744
Laminate Occasional Tables,-206.534
Sauder Camden County Collection Library,-103.482
"Sauder Mission Library with Doors, Fruitwood Finish",-125.741
Hon Deluxe Fabric Upholstered Stacking Chairs,-48.797
"Executive Impressions 14"" Contract Wall Clock with Quartz Movement""",-1.778
"Bevis Traditional Conference Table Top, Plinth Base",-456.703
Sauder Barrister Bookcases,-294.768
Hon 61000 Series Interactive Training Tables,-148.396
"Atlantic Metals Mobile 2-Shelf Bookcases, Custom Colors",-113.261
"Bush Andora Conference Table, Maple/Graphite Gray Finish",-143.623
Euro Pro Shark Stick Mini Vacuum,-325.633
Eureka Disposable Bags for Sanitaire Vibra Groomer I Upright Vac,-4.466
Hoover Commercial Lightweight Upright Vacuum,-2.505
Acco Economy Flexible Poly Round Ring Binder,-5.742
GBC Personal VeloBind Strips,-11.263
Cardinal Hold-It CD Pocket,-12.448
Computer Printout Index Tabs,-2.016
Acco D-Ring Binder w/DublLock,-102.838
GBC Linen Binding Covers,-82.406
Wilson Jones Custom Binder Spines & Labels,-19.693
GBC Wire Binding Strips,-18.409
Hon 2090 “Pillow Soft” Series Mid Back Swivel/Tilt Chairs,-989.05
"Global Task Chair, Black",-80.405
Motorola L804,-13.337
Chromcraft Rectangular Conference Tables,-450.243
"Hon 30"" x 60"""" Table with Locking Drawer""",-177.351
Speck Products Candyshell Flip Case,-18.195
Cisco IP Phone 7961G-GE VoIP phone,-119.12
LG Exalt,-212.147
Clearsounds A400,-48.832
Avaya 5410 Digital phone,-10.878
"Barricks 18"" x 48"""" Non-Folding Utility Table with Bottom Storage Shelf""",-104.832
LG G2,-374.993
Samsung Galaxy Note 2,-128.798
Bevis Rectangular Conference Tables,-586.839
Epson Perfection V600 Photo Scanner,-172.493
Lexmark MarkNet N8150 Wireless Print Server,-506.457
Okidata MB491 Multifunction Printer,-434.13
"Brother MFC-9340CDW LED All-In-One Printer, Copier Scanner",-319.192
Angle-D Ring Binders,-1.969
"GBC Velobind Prepunched Cover Sets, Regency Series",-9.245
"O'Sullivan Elevations Bookcase, Cherry Finish",-68.11
"Bush Birmingham Collection Bookcase, Dark Cherry",-117.882
BoxOffice By Design Rectangular and Half-Moon Meeting Room Tables,-1148.438
"Electrix Incandescent Magnifying Lamp, Black",-16.492
Honeywell Enviracaire Portable Air Cleaner for up to 8 x 10 Room,-177.223
Avery Durable Slant Ring Binders,-23.76
Okidata C610n Printer,-292.05
"Eldon ""L"""" Workstation Diamond Chairmat""",-267.449
Balt Split Level Computer Training Table,-357.975
GBC VeloBinder Electric Binding Machine,-411.332
"Sauder Forest Hills Library with Doors, Woodland Oak Finish",-418.547
PNY Rapid USB Car Charger - Black,-2.077
Hewlett-Packard Deskjet F4180 All-in-One Color Ink-jet - Printer / copier / scanner,-71.396
Cubify CubeX 3D Printer Double Head Print,-8879.97
Swingline SM12-08 MicroCut Jam Free Shredder,-447.988
Cisco 8961 IP Phone Charcoal,-164.954
Texas Instrument TI-15 Fraction Calculator,-20.519
Anderson Hickey Conga Table Tops & Accessories,-17.515
Cisco TelePresence System EX90 Videoconferencing Unit,-1811.078
"3D Systems Cube Printer, 2nd Generation, White",-467.997
Cisco CP-7937G Unified IP Conference Station Phone,-55.656
Penpower WorldCard Pro Card Scanner,-1.83
"Atlantic Metals Mobile 4-Shelf Bookcases, Custom Colors",-126.441
Cubify CubeX 3D Printer Triple Head Print,-3839.99
"Bush Saratoga Collection 5-Shelf Bookcase, Hanover Cherry, *Special Order",-12.688
Plantronics Single Ear Headset,-21.945
Zebra GK420t Direct Thermal/Thermal Transfer Printer,-938.28
"Bush Westfield Collection Bookcases, Dark Cherry Finish, Fully Assembled",-190.852
Okidata B401 Printer,-251.987
iOttie XL Car Mount,-50.375
Global Deluxe High-Back Office Chair in Storm,-149.59
Logitech Keyboard K120,-19.603
Acco Side-Punched Conventional Columnar Pads,-7.808
SanDisk Cruzer 8 GB USB Flash Drive,-1.358
